ID,FirstName,LastName,Email,SortID
1001,A,Smith,A.Smith@fakemail.com,1
1002,B,Johnson,B.Johnson@fakemail.com,2
1003,C,Williams,C.Williams@fakemail.com,3
1004,D,Brown,D.Brown@fakemail.com,4
1005,E,Jones,E.Jones@fakemail.com,5
1006,F,Miller,F.Miller@fakemail.com,6
1007,G,Davis,G.Davis@fakemail.com,7
1008,H,Garcia,H.Garcia@fakemail.com,8
1009,I,Rodriguez,I.Rodriguez@fakemail.com,9
1010,J,Wilson,J.Wilson@fakemail.com,10
1011,K,Martinez,K.Martinez@fakemail.com,11
1012,L,Anderson,L.Anderson@fakemail.com,12
1013,M,Taylor,M.Taylor@fakemail.com,13
1014,N,Thomas,N.Thomas@fakemail.com,14
1015,O,Hernandez,O.Hernandez@fakemail.com,15
1016,P,Moore,P.Moore@fakemail.com,16
1017,Q,Martin,Q.Martin@fakemail.com,17
1018,R,Jackson,R.Jackson@fakemail.com,18
1019,S,Thompson,S.Thompson@fakemail.com,19
1020,T,White,T.White@fakemail.com,20
1021,U,Lopez,U.Lopez@fakemail.com,21
1022,V,Lee,V.Lee@fakemail.com,22
1023,W,Gonzalez,W.Gonzalez@fakemail.com,23
1024,X,Harris,X.Harris@fakemail.com,24
1025,Y,Clark,Y.Clark@fakemail.com,25
1026,Z,Lewis,Z.Lewis@fakemail.com,26
1027,AA,Robinson,AA.Robinson@fakemail.com,27
1028,BB,Walker,BB.Walker@fakemail.com,28
1029,CC,Perez,CC.Perez@fakemail.com,29
1030,DD,Hall,DD.Hall@fakemail.com,30
1031,EE,Smith,EE.Smith@fakemail.com,31
1032,FF,Johnson,FF.Johnson@fakemail.com,32
1033,GG,Williams,GG.Williams@fakemail.com,33
1034,HH,Brown,HH.Brown@fakemail.com,34
1035,II,Jones,II.Jones@fakemail.com,35
1036,JJ,Miller,JJ.Miller@fakemail.com,36
1037,KK,Davis,KK.Davis@fakemail.com,37
1038,LL,Garcia,LL.Garcia@fakemail.com,38
1039,MM,Rodriguez,MM.Rodriguez@fakemail.com,39
1040,NN,Wilson,NN.Wilson@fakemail.com,40
1041,OO,Martinez,OO.Martinez@fakemail.com,41
